name,wmc,dit,noc,cbo,rfc,lcom,ca,ce,npm,lcom3,loc,dam,moa,mfa,cam,ic,cbm,amc,max_cc,avg_cc,bug,source_code,original_file_loc
fr.jayasoft.ivy.repository.vfs.IvyWebdavFileSystem,1,1,0,4,2,0,1,3,0,2.0,4,0.0,0,0.0,1.0,0,0,3.0,0,0.0,0,,False
fr.jayasoft.ivy.util.EncrytedProperties,7,4,0,2,20,21,1,0,7,2.0,67,0.0,0,0.910447761,0.571428571,2,2,8.571428571,2,1.0,0,,False
fr.jayasoft.ivy.xml.XmlModuleDescriptorUpdater,7,1,0,6,33,19,3,0,5,0.666666667,179,0.0,0,0.0,0.444444444,0,0,24.42857143,1,0.7143,1,,False
fr.jayasoft.ivy.resolver.IvyRepResolver,27,6,0,14,67,273,1,0,20,0.730769231,483,0.666666667,0,0.826666667,0.145061728,4,6,16.66666667,8,1.8519,0,,False
fr.jayasoft.ivy.event.resolve.StartResolveDependencyEvent,1,3,0,5,2,0,1,4,1,2.0,9,0.0,0,1.0,1.0,0,0,7.0,0,0.0,0,,False
fr.jayasoft.ivy.matcher.ExactPatternMatcher,5,1,0,8,9,8,4,4,3,0.75,29,1.0,1,0.0,0.5,0,0,4.6,2,0.8,0,,False
fr.jayasoft.ivy.url.HttpClientHandler,18,2,0,25,85,133,2,0,6,0.781512605,568,1.0,1,0.272727273,0.31372549,1,3,30.16666667,11,2.0556,0,,False
fr.jayasoft.ivy.matcher.ExactOrRegexpPatternMatcher,5,1,0,5,9,8,1,4,3,0.75,29,1.0,1,0.0,0.5,0,0,4.6,2,0.8,0,,False
fr.jayasoft.ivy.event.download.NeedArtifactEvent,2,3,0,5,5,0,1,4,2,1.0,22,0.5,1,0.933333333,0.625,0,0,9.0,1,0.5,0,,False
fr.jayasoft.ivy.repository.ssh.SshResource,12,1,0,3,24,0,1,3,11,0.303030303,222,1.0,1,0.0,0.316666667,0,0,17.0,2,1.0,0,,False
fr.jayasoft.ivy.status.StatusManager,13,1,0,9,51,24,7,3,12,0.65,297,1.0,0,0.0,0.346153846,0,0,21.46153846,4,1.8462,0,,False
fr.jayasoft.ivy.tools.analyser.DependencyAnalyser,1,1,0,4,1,0,2,0,1,2.0,1,0.0,0,0.0,1.0,0,0,0.0,1,1.0,0,,False
fr.jayasoft.ivy.resolver.ChainResolver,20,2,0,19,84,88,1,0,14,0.719298246,685,1.0,0,0.672413793,0.166666667,1,3,33.1,5,1.75,0,,False
fr.jayasoft.ivy.circular.AbstractCircularDependencyStrategy,3,1,3,4,4,1,3,1,2,0.0,16,1.0,0,0.0,0.666666667,0,0,4.0,1,0.6667,0,,False
fr.jayasoft.ivy.version.SubVersionMatcher,3,2,0,3,9,3,1,0,3,2.0,27,0.0,0,0.777777778,0.833333333,1,1,8.0,1,0.6667,0,,False
fr.jayasoft.ivy.report.ConfigurationResolveReport,23,1,0,16,74,171,7,12,22,0.828282828,610,1.0,2,0.0,0.147826087,0,0,25.13043478,4,1.8261,0,,False
fr.jayasoft.ivy.repository.AbstractRepository,20,1,5,14,44,112,7,7,10,0.614035088,255,1.0,1,0.0,0.177272727,0,0,11.6,3,1.2,1,,False
fr.jayasoft.ivy.ant.IvyVar,13,4,0,3,34,68,0,3,12,0.833333333,191,1.0,0,0.835616438,0.487179487,0,0,13.30769231,3,1.0769,0,,False
fr.jayasoft.ivy.xml.XmlModuleDescriptorParser,8,2,0,12,29,26,3,0,6,0.714285714,99,1.0,1,0.142857143,0.238095238,1,1,11.25,1,0.75,1,,False
fr.jayasoft.ivy.latest.LatestTimeStrategy,2,3,0,3,5,0,1,2,1,0.0,15,1.0,0,1.0,1.0,0,0,6.0,0,0.0,0,,False
fr.jayasoft.ivy.repository.TransferListener,1,1,0,6,1,0,5,1,1,2.0,1,0.0,0,0.0,1.0,0,0,0.0,1,1.0,0,,False
fr.jayasoft.ivy.tools.analyser.JarJarDependencyAnalyser,3,1,0,11,40,1,1,0,3,0.0,212,1.0,0,0.0,0.416666667,0,0,69.33333333,4,1.6667,0,,False
fr.jayasoft.ivy.namespace.NameSpaceHelper,9,1,0,16,43,36,4,14,9,2.0,143,0.0,0,0.0,0.181818182,0,0,14.88888889,3,1.6667,0,,False
fr.jayasoft.ivy.version.LatestVersionMatcher,5,2,0,5,14,10,1,0,5,2.0,43,0.0,0,0.636363636,0.666666667,2,2,7.6,2,1.2,0,,False
fr.jayasoft.ivy.version.ChainVersionMatcher,7,2,0,5,18,0,1,0,7,0.0,125,1.0,0,0.538461538,0.464285714,1,1,16.71428571,3,1.8571,1,,False
fr.jayasoft.ivy.resolver.RepositoryResolver,18,4,5,29,96,85,5,0,12,0.588235294,669,1.0,1,0.861788618,0.205882353,3,7,36.05555556,10,2.1111,1,,False
fr.jayasoft.ivy.ant.IvyResolve,35,4,0,11,78,439,2,10,35,0.909926471,564,1.0,0,0.642105263,0.371428571,3,4,14.65714286,3,1.0286,1,,False
fr.jayasoft.ivy.circular.CircularDependencyException,2,4,0,4,4,0,2,2,2,0.0,14,1.0,1,0.944444444,0.75,0,0,5.5,1,0.5,0,,False
fr.jayasoft.ivy.report.ReportOutputter,2,1,0,4,2,1,4,1,2,2.0,4,0.0,0,0.0,0.666666667,0,0,0.0,1,1.0,0,,False
fr.jayasoft.ivy.event.download.DownloadEvent,3,2,3,7,8,1,3,4,2,0.5,28,1.0,1,0.857142857,0.583333333,0,0,8.0,1,0.6667,0,,False
fr.jayasoft.ivy.report.XmlReportOutputter,10,1,0,26,111,45,5,23,9,2.0,957,0.0,0,0.0,0.3,0,0,94.7,25,3.7,0,,False
fr.jayasoft.ivy.IvyAware,1,1,0,6,1,0,6,1,1,2.0,1,0.0,0,0.0,1.0,0,0,0.0,1,1.0,0,,False
fr.jayasoft.ivy.repository.file.FileRepository,10,2,0,7,30,25,2,6,8,0.518518519,189,1.0,1,0.703703704,0.55,1,2,17.6,2,0.9,0,,False
fr.jayasoft.ivy.repository.TransferEvent,20,2,0,7,29,154,4,4,13,0.967418546,213,0.428571429,2,0.413793103,0.233333333,0,0,8.6,4,1.05,0,,False
fr.jayasoft.ivy.ant.AntMessageImpl,6,1,0,6,22,0,2,5,5,0.466666667,89,1.0,0,0.0,0.55,0,0,13.33333333,4,1.1667,0,,False
fr.jayasoft.ivy.util.DefaultMessageImpl,6,1,0,2,9,9,1,0,6,0.4,40,1.0,0,0.0,0.666666667,0,0,5.5,2,1.0,0,,False
fr.jayasoft.ivy.report.DownloadStatus,3,1,0,10,4,1,10,0,1,0.75,32,0.25,3,0.0,0.75,0,0,8.333333333,1,0.3333,0,,False
fr.jayasoft.ivy.resolver.VsftpResolver,12,5,0,3,25,66,0,0,12,2.0,67,0.0,0,0.917910448,0.472222222,1,1,4.583333333,1,0.9167,0,,False
fr.jayasoft.ivy.util.IvyPatternHelper,28,1,0,20,83,374,15,0,25,1.012345679,926,0.166666667,0,0.0,0.226337449,0,0,31.64285714,22,2.4643,0,,False
fr.jayasoft.ivy.util.IvyPattern,3,1,0,1,4,1,1,0,3,0.5,14,1.0,0,0.0,0.666666667,0,0,3.333333333,1,0.6667,0,,False
fr.jayasoft.ivy.util.StringUtils,7,1,0,6,25,15,6,0,5,0.5,1207,1.0,0,0.0,0.291666667,0,0,171.2857143,4,2.4286,0,,False
fr.jayasoft.ivy.event.AbstractTrigger,10,1,2,8,15,29,2,6,8,0.777777778,67,1.0,1,0.0,0.65,0,0,5.3,2,1.0,0,,False
fr.jayasoft.ivy.resolver.OrganisationEntry,3,1,0,10,4,0,10,1,3,0.5,20,1.0,1,0.0,0.555555556,0,0,5.0,1,0.6667,0,,False
fr.jayasoft.ivy.circular.IgnoreCircularDependencyStrategy,4,2,0,6,10,4,1,5,2,0.666666667,27,1.0,1,0.5,0.5,0,0,5.5,1,0.5,0,,False
fr.jayasoft.ivy.event.resolve.StartResolveEvent,1,3,0,3,2,0,1,3,1,2.0,9,0.0,0,1.0,1.0,0,0,7.0,0,0.0,0,,False
fr.jayasoft.ivy.report.ResolveReport,22,1,1,22,72,121,14,9,22,0.87755102,469,1.0,1,0.0,0.166666667,0,0,20.0,8,1.8182,0,,False
fr.jayasoft.ivy.repository.sftp.SFTPResource,10,1,0,2,16,23,1,2,9,0.5,88,1.0,1,0.0,0.433333333,0,0,7.2,2,1.0,0,,False
fr.jayasoft.ivy.version.PatternVersionMatcher,5,2,0,4,21,0,0,0,4,0.166666667,144,1.0,0,0.636363636,0.533333333,1,1,27.2,5,2.4,0,,False
fr.jayasoft.ivy.repository.sftp.SFTPRepository,14,3,0,17,65,91,3,16,7,2.0,440,0.0,0,0.74,0.276785714,2,3,30.42857143,1,0.9286,0,,False
fr.jayasoft.ivy.ant.IvyFindRevision,12,4,0,7,23,30,0,7,12,0.8,121,1.0,0,0.847222222,0.708333333,0,0,8.666666667,1,0.9167,0,,False
fr.jayasoft.ivy.ant.IvyCacheTask,3,5,2,13,34,3,2,11,1,2.0,152,0.0,0,0.977011494,1.0,0,0,49.66666667,1,0.6667,0,,False
fr.jayasoft.ivy.filter.Filter,1,1,0,22,1,0,22,0,1,2.0,1,0.0,0,0.0,1.0,0,0,0.0,1,1.0,0,,False
fr.jayasoft.ivy.event.download.EndArtifactDownloadEvent,3,3,0,8,15,0,1,7,3,0.833333333,78,0.666666667,2,0.875,0.444444444,0,0,24.0,1,0.6667,0,,False
fr.jayasoft.ivy.License,3,1,0,4,4,0,4,0,3,0.5,20,1.0,0,0.0,0.666666667,0,0,5.0,1,0.6667,0,,False
fr.jayasoft.ivy.version.AbstractVersionMatcher,9,1,6,11,12,28,6,0,9,0.75,45,1.0,1,0.0,0.333333333,0,0,3.777777778,1,0.7778,0,,False
fr.jayasoft.ivy.url.AbstractURLHandler,7,1,2,4,13,21,2,0,7,2.0,43,0.0,0,0.0,0.761904762,0,0,5.142857143,1,0.8571,0,,False
fr.jayasoft.ivy.xml.XmlReportParser,8,1,0,10,27,28,5,0,4,2.0,198,0.0,0,0.0,0.71875,0,0,23.75,2,1.0,0,,False
fr.jayasoft.ivy.namespace.NamespaceTransformer,2,1,0,11,2,1,10,1,2,2.0,2,0.0,0,0.0,0.75,0,0,0.0,1,1.0,0,,False
fr.jayasoft.ivy.tools.analyser.JarModule,4,1,0,5,9,0,4,0,4,0.333333333,34,1.0,1,0.0,0.5,0,0,7.0,1,0.75,0,,False
fr.jayasoft.ivy.circular.CircularDependencyHelper,4,1,0,6,10,6,4,2,4,2.0,63,0.0,0,0.0,0.333333333,0,0,14.75,2,1.25,0,,False
fr.jayasoft.ivy.url.URLHandler,11,1,0,13,12,55,11,2,10,1.0,20,0.0,1,0.0,0.52,0,0,0.727272727,1,0.9091,0,,False
fr.jayasoft.ivy.circular.WarnCircularDependencyStrategy,4,2,0,6,10,4,1,5,2,0.666666667,27,1.0,1,0.5,0.5,0,0,5.5,1,0.5,0,,False
fr.jayasoft.ivy.repository.url.URLRepository,5,2,0,9,39,4,2,7,5,0.666666667,228,1.0,2,0.826086957,0.6,1,1,44.0,1,0.8,0,,False
fr.jayasoft.ivy.repository.file.FileResource,11,1,0,3,19,1,2,2,11,0.45,67,1.0,1,0.0,0.318181818,0,0,4.909090909,1,0.9091,0,,False
fr.jayasoft.ivy.conflict.AbstractConflictManager,6,1,5,8,7,7,5,3,6,0.7,28,1.0,1,0.0,0.444444444,0,0,3.333333333,1,0.8333,0,,False
fr.jayasoft.ivy.DefaultPublishingDRResolver,2,1,1,6,4,1,3,3,2,2.0,8,0.0,0,0.0,0.625,0,0,3.0,1,0.5,0,,False
fr.jayasoft.ivy.repository.vfs.IvyWebdavConnectionManager,16,1,0,10,51,70,2,9,11,0.5,205,1.0,0,0.0,0.28125,0,0,11.6875,5,1.4375,0,,False
fr.jayasoft.ivy.parser.ModuleDescriptorParser,4,1,0,12,4,6,11,3,4,2.0,4,0.0,0,0.0,0.5,0,0,0.0,1,1.0,1,,False
fr.jayasoft.ivy.ant.IvyInstall,22,4,0,7,36,161,0,7,22,0.895238095,243,1.0,0,0.743902439,0.363636364,2,2,9.590909091,1,0.9545,0,,False
fr.jayasoft.ivy.resolver.RevisionEntry,7,1,0,9,12,0,7,3,7,0.5,40,1.0,1,0.0,0.428571429,0,0,4.428571429,1,0.8571,0,,False
fr.jayasoft.ivy.url.CredentialsStore,4,1,0,6,17,0,4,0,2,0.666666667,58,0.5,1,0.0,0.833333333,0,0,13.0,2,0.75,0,,False
fr.jayasoft.ivy.repository.ResourceHelper,2,1,0,4,9,1,1,3,2,2.0,43,0.0,0,0.0,0.5,1,1,20.5,7,3.5,0,,False
fr.jayasoft.ivy.MDArtifact,12,2,0,9,21,34,4,5,12,0.772727273,150,1.0,2,0.473684211,0.316666667,1,8,10.83333333,2,0.9167,0,,False
fr.jayasoft.ivy.circular.ErrorCircularDependencyStrategy,4,2,0,5,6,4,1,4,2,0.666666667,21,1.0,1,0.5,0.5,0,0,4.0,1,0.5,0,,False
fr.jayasoft.ivy.namespace.Namespace,11,1,0,16,16,31,14,4,8,0.8,77,0.833333333,3,0.0,0.26,0,0,5.454545455,1,0.8182,0,,False
fr.jayasoft.ivy.ArtifactInfo,2,1,0,15,2,1,15,0,2,2.0,2,0.0,0,0.0,1.0,0,0,0.0,1,1.0,0,,False
fr.jayasoft.ivy.ant.IvyCacheFileset,5,6,0,8,31,4,0,8,5,0.5,108,1.0,0,0.956043956,0.466666667,1,1,20.4,2,1.0,0,,False
fr.jayasoft.ivy.ant.IvyRepositoryReport,37,4,0,17,91,506,0,17,31,0.905555556,620,1.0,0,0.628865979,0.412162162,2,2,15.35135135,1,0.973,0,,False
fr.jayasoft.ivy.resolver.CacheResolver,13,6,0,17,61,72,1,0,11,0.666666667,380,1.0,0,0.920289855,0.207692308,4,6,28.15384615,5,1.3846,0,,False
fr.jayasoft.ivy.conflict.NoConflictManager,2,2,0,3,4,1,1,2,2,2.0,10,0.0,0,0.833333333,0.666666667,0,0,4.0,1,0.5,0,,False
fr.jayasoft.ivy.ArtifactRevisionId,13,2,0,10,33,52,6,4,13,0.333333333,206,1.0,2,0.45,0.282051282,1,1,14.69230769,5,1.1538,0,,False
fr.jayasoft.ivy.PublishingDependencyRevisionResolver,1,1,0,6,1,0,4,2,1,2.0,1,0.0,0,0.0,1.0,0,0,0.0,1,1.0,0,,False
fr.jayasoft.ivy.ResolveData,15,1,0,14,20,49,12,4,15,0.765306122,127,1.0,2,0.0,0.26,0,0,7.0,1,0.7333,0,,False
fr.jayasoft.ivy.report.LogReportOutputter,5,1,0,10,48,10,1,9,4,2.0,489,0.0,0,0.0,0.314285714,0,0,96.8,13,3.4,0,,False
fr.jayasoft.ivy.DependencyDescriptor,20,1,0,37,20,190,32,6,20,2.0,20,0.0,0,0.0,0.3625,0,0,0.0,1,1.0,0,,False
fr.jayasoft.ivy.url.ApacheURLLister,6,1,0,6,38,13,2,4,5,0.2,180,1.0,0,0.0,0.666666667,0,0,28.83333333,1,0.6667,0,,False
fr.jayasoft.ivy.ant.IvyRetrieve,8,5,0,6,28,0,0,6,8,0.619047619,110,1.0,0,0.923913043,0.458333333,1,2,12.375,1,0.875,0,,False
fr.jayasoft.ivy.resolver.ResolvedResource,5,1,1,11,11,0,9,0,5,0.375,41,1.0,1,0.0,0.466666667,0,0,6.8,1,0.8,0,,False
fr.jayasoft.ivy.event.Trigger,1,1,0,6,1,0,4,2,1,2.0,1,0.0,0,0.0,1.0,0,0,0.0,1,1.0,0,,False
fr.jayasoft.ivy.matcher.GlobPatternMatcher,5,1,0,5,9,8,1,4,3,0.75,29,1.0,1,0.0,0.5,0,0,4.6,2,0.8,0,,False
fr.jayasoft.ivy.util.FileUtil,12,1,0,17,58,66,12,0,11,1.090909091,347,1.0,0,0.0,0.183333333,0,0,27.83333333,4,1.5833,0,,False
fr.jayasoft.ivy.event.FilteredIvyListener,4,1,0,4,7,0,1,3,4,0.333333333,31,1.0,2,0.0,0.4375,0,0,6.25,2,1.0,0,,False
fr.jayasoft.ivy.resolver.ResolverHelper,7,1,0,10,60,21,2,0,6,2.0,936,0.0,0,0.0,0.285714286,0,0,132.7142857,11,5.1429,1,,False
fr.jayasoft.ivy.util.IvyThread,10,2,3,5,21,0,4,0,9,0.0,83,1.0,1,0.968253968,0.5,0,0,7.2,1,0.2,0,,False
fr.jayasoft.ivy.latest.ComparatorLatestStrategy,6,2,3,5,13,0,3,2,6,0.2,76,1.0,0,0.6,0.458333333,1,1,11.5,7,1.6667,0,,False
fr.jayasoft.ivy.extendable.DefaultExtendableItem,5,2,1,4,9,10,3,1,5,2.0,31,0.0,0,0.75,0.5,1,2,5.2,1,0.6,0,,False
fr.jayasoft.ivy.ant.IvyPostResolveTask,25,4,2,12,51,234,2,10,22,0.875,451,1.0,1,0.717647059,0.35,1,1,16.6,12,1.48,1,,False
fr.jayasoft.ivy.repository.ssh.RemoteScpException,4,3,0,2,8,6,2,0,4,1.333333333,21,1.0,0,1.0,0.666666667,0,0,4.0,0,0.0,0,,False
fr.jayasoft.ivy.ant.IvyReport,32,4,0,15,86,348,0,15,27,0.888337469,660,1.0,0,0.663043478,0.35,2,3,19.21875,1,0.9688,0,,False
fr.jayasoft.ivy.resolver.VfsResolver,5,5,0,4,18,8,1,0,4,0.5,78,1.0,0,0.976190476,0.625,2,2,14.2,3,1.0,0,,False
fr.jayasoft.ivy.event.IvyEvent,13,1,5,21,33,44,17,5,6,0.555555556,162,1.0,1,0.0,0.188034188,1,1,11.23076923,5,1.2308,0,,False
fr.jayasoft.ivy.parser.ModuleDescriptorParserRegistry,9,2,0,11,28,22,4,8,7,0.5,127,1.0,1,0.125,0.25,1,1,12.88888889,2,1.0,0,,False
fr.jayasoft.ivy.Ivy,205,1,0,154,583,20326,84,98,179,0.969309463,8095,0.97826087,7,0.0,0.068627451,0,0,38.26341463,20,2.122,3,,False
fr.jayasoft.ivy.util.PropertiesFile,2,4,0,2,18,0,1,1,2,0.0,102,1.0,0,0.983870968,0.666666667,1,1,49.0,3,1.5,0,,False
fr.jayasoft.ivy.parser.AbstractModuleDescriptorParser,2,1,3,8,5,1,3,5,2,2.0,15,0.0,0,0.0,0.625,0,0,6.5,1,0.5,1,,False
fr.jayasoft.ivy.tools.analyser.RepositoryAnalyser,3,1,0,11,22,3,0,0,3,2.0,101,0.0,0,0.0,0.416666667,0,0,32.66666667,2,1.3333,0,,False
fr.jayasoft.ivy.report.DownloadReport,5,1,0,14,21,0,11,3,5,0.0,75,1.0,0,0.0,0.4,0,0,13.8,2,1.0,0,,False
fr.jayasoft.ivy.tools.analyser.JarModuleFinder,3,1,0,8,20,1,2,0,3,0.0,155,1.0,0,0.0,0.444444444,0,0,50.0,4,2.0,0,,False
fr.jayasoft.ivy.repository.url.URLResource,11,1,0,11,24,17,7,4,10,0.54,107,1.0,0,0.0,0.393939394,0,0,8.272727273,2,1.1818,0,,False
fr.jayasoft.ivy.repository.vfs.IvyWebdavClientFactory,2,1,0,9,12,1,1,8,1,2.0,59,0.0,0,0.0,0.5,0,0,28.5,1,0.5,0,,False
fr.jayasoft.ivy.repository.vfs.VfsRepository,8,2,0,15,52,16,1,0,5,0.666666667,335,1.0,1,0.730769231,0.46875,1,2,40.5,2,1.0,0,,False
fr.jayasoft.ivy.namespace.NamespaceRule,9,1,0,4,11,28,3,1,9,0.875,60,1.0,2,0.0,0.481481481,0,0,5.222222222,2,1.1111,0,,False
fr.jayasoft.ivy.util.CredentialsUtil,3,1,0,5,31,3,1,0,3,2.0,223,0.0,0,0.0,0.555555556,0,0,73.33333333,8,5.3333,0,,False
fr.jayasoft.ivy.event.IvyEventFilter,3,1,0,13,23,0,4,11,2,1.0,201,1.0,3,0.0,0.583333333,0,0,64.0,6,3.3333,0,,False
fr.jayasoft.ivy.resolver.ResourceMDParser,1,1,0,8,1,0,6,0,1,2.0,1,0.0,0,0.0,1.0,0,0,0.0,1,1.0,0,,False
fr.jayasoft.ivy.resolver.AbstractSshBasedResolver,11,5,2,6,28,49,2,0,10,0.8,95,1.0,0,0.92481203,0.431818182,2,2,7.545454545,2,1.0909,0,,False
fr.jayasoft.ivy.ant.IvyCheck,7,4,0,7,26,0,0,7,7,0.611111111,145,1.0,0,0.910447761,0.357142857,0,0,19.28571429,1,0.8571,0,,False
fr.jayasoft.ivy.matcher.MatcherHelper,8,1,0,9,21,28,4,5,8,2.0,141,0.0,0,0.0,0.3125,0,0,16.625,6,2.75,0,,False
fr.jayasoft.ivy.ant.IvyBuildNumber,22,4,0,9,54,149,0,9,18,0.851190476,558,1.0,0,0.743902439,0.53030303,0,0,24.0,13,2.0455,0,,False
fr.jayasoft.ivy.matcher.PatternMatcher,2,1,0,24,2,1,23,1,2,2.0,7,0.0,0,0.0,0.75,0,0,0.0,1,1.0,0,,False
fr.jayasoft.ivy.ant.IvyInfo,4,4,0,9,37,0,0,9,4,0.0,190,1.0,0,0.953125,0.625,3,5,46.25,1,0.75,0,,False
fr.jayasoft.ivy.event.resolve.ResolveDependencyEvent,3,2,2,7,10,0,2,5,2,0.5,38,1.0,2,0.857142857,0.466666667,0,0,11.0,1,0.6667,0,,False
fr.jayasoft.ivy.resolver.ResolvedModuleRevisionProxy,9,1,0,6,18,0,2,0,9,0.5,65,0.5,2,0.0,0.407407407,0,0,6.0,1,0.8889,0,,False
fr.jayasoft.ivy.resolver.SFTPResolver,3,6,0,3,7,3,0,0,3,2.0,17,0.0,0,0.985185185,1.0,1,1,4.666666667,1,0.6667,0,,False
fr.jayasoft.ivy.external.m2.PomModuleDescriptorParser,9,2,0,12,29,30,3,10,5,0.90625,242,0.75,3,0.125,0.21875,1,1,25.44444444,4,1.1111,1,,False
fr.jayasoft.ivy.repository.ssh.AbstractSshBasedRepository,19,2,2,7,45,129,3,4,15,0.817460317,311,1.0,0,0.513513514,0.315789474,0,0,15.0,8,1.4211,0,,False
fr.jayasoft.ivy.filter.NotFilter,3,1,0,2,5,0,1,1,3,0.0,22,1.0,1,0.0,0.555555556,0,0,6.0,2,1.0,0,,False
fr.jayasoft.ivy.matcher.ModuleIdMatcher,3,1,0,4,13,0,1,3,3,0.5,60,1.0,4,0.0,0.666666667,0,0,17.66666667,3,1.3333,0,,False
fr.jayasoft.ivy.resolver.AbstractResolver,40,1,3,28,80,726,4,0,30,0.829059829,508,1.0,3,0.0,0.1078125,0,0,11.475,6,1.5,0,,False
fr.jayasoft.ivy.Artifact,8,1,0,52,8,28,49,3,8,2.0,8,0.0,0,0.0,1.0,0,0,0.0,1,1.0,0,,False
fr.jayasoft.ivy.matcher.RegexpPatternMatcher,6,1,0,6,11,13,2,4,4,0.8,42,1.0,1,0.0,0.6,0,0,5.833333333,3,1.1667,0,,False
fr.jayasoft.ivy.ModuleRevisionId,20,2,0,102,55,174,99,4,20,0.729323308,548,1.0,1,0.36,0.283333333,1,1,26.05,10,2.0,0,,False
fr.jayasoft.ivy.util.Configurator,21,1,0,5,79,58,3,0,18,0.7,948,1.0,0,0.0,0.292857143,0,0,43.95238095,18,2.619,1,,False
fr.jayasoft.ivy.Configuration,13,3,0,12,26,48,10,3,12,0.633333333,242,1.0,1,0.545454545,0.222222222,1,1,17.23076923,6,1.5385,0,,False
fr.jayasoft.ivy.ant.IvyListModules,16,4,0,7,26,68,0,7,16,0.847619048,172,1.0,0,0.802631579,0.71875,0,0,9.3125,1,0.9375,0,,False
fr.jayasoft.ivy.resolver.DualResolver,15,2,0,11,39,0,1,0,15,0.547619048,217,1.0,2,0.735849057,0.222222222,1,2,13.26666667,3,1.2,0,,False
fr.jayasoft.ivy.util.Message,21,1,0,72,47,168,70,0,19,0.95,382,0.5,0,0.0,0.1375,0,0,16.71428571,8,1.8571,0,,False
fr.jayasoft.ivy.DefaultModuleRevision,12,1,0,8,19,44,4,4,12,0.833333333,85,1.0,3,0.0,0.236111111,1,1,5.583333333,2,1.0,0,,False
fr.jayasoft.ivy.ModuleDescriptor,23,1,0,63,23,253,55,11,23,1.045454545,25,0.0,0,0.0,0.168478261,0,0,0.0,1,1.0,0,,False
fr.jayasoft.ivy.ant.IvyExtractFromSources,17,4,0,15,78,84,0,15,15,0.8515625,413,1.0,0,0.792207792,0.254901961,1,1,22.82352941,6,1.2353,0,,False
fr.jayasoft.ivy.resolver.AbstractResourceResolver,25,3,1,15,85,210,1,0,10,0.75,542,1.0,0,0.783018868,0.192307692,1,5,20.52,6,1.6,0,,False
fr.jayasoft.ivy.repository.ssh.SshCache,11,1,0,11,51,37,4,8,5,0.566666667,349,1.0,1,0.0,0.383333333,0,0,30.45454545,8,1.8182,0,,False
fr.jayasoft.ivy.ant.PackageMapping,10,1,0,2,12,25,1,1,10,0.805555556,53,1.0,0,0.0,0.7,0,0,3.9,1,0.9,0,,False
fr.jayasoft.ivy.filter.OrFilter,4,1,0,2,6,0,1,1,4,0.333333333,35,1.0,2,0.0,0.5,0,0,7.25,3,1.25,0,,False
fr.jayasoft.ivy.ant.AntCallTrigger,10,2,0,10,41,15,0,10,8,0.694444444,214,1.0,0,0.5,0.4,0,0,20.0,7,1.6,0,,False
fr.jayasoft.ivy.event.resolve.EndResolveDependencyEvent,2,3,0,8,7,0,1,7,2,1.0,37,0.5,1,0.933333333,0.6,0,0,16.5,1,0.5,0,,False
fr.jayasoft.ivy.repository.vfs.VfsResource,14,1,0,10,34,65,1,0,13,0.355769231,207,1.0,0,0.0,0.404761905,0,0,13.21428571,3,1.1429,0,,False
fr.jayasoft.ivy.util.ChecksumHelper,7,1,0,3,33,17,2,0,4,0.666666667,274,1.0,0,0.0,0.375,0,0,37.85714286,4,1.2857,0,,False
fr.jayasoft.ivy.IvyContext,15,1,0,16,29,81,14,3,11,0.836734694,149,1.0,2,0.0,0.193877551,0,0,8.466666667,2,1.2,0,,False
fr.jayasoft.ivy.resolver.SshResolver,6,6,0,3,20,15,0,0,6,2.0,61,0.0,0,0.963768116,0.833333333,1,1,9.166666667,3,1.1667,0,,False
fr.jayasoft.ivy.ant.IvyArtifactProperty,16,4,0,8,37,86,0,8,16,0.857142857,265,1.0,0,0.802631579,0.359375,2,4,15.125,1,0.9375,0,,False
fr.jayasoft.ivy.ant.AntBuildTrigger,13,2,0,10,50,46,0,10,10,0.783333333,267,1.0,0,0.428571429,0.323076923,0,0,19.15384615,8,1.5385,0,,False
fr.jayasoft.ivy.conflict.StrictConflictException,4,4,0,2,8,6,2,0,4,2.0,20,0.0,0,1.0,0.666666667,0,0,4.0,0,0.0,0,,False
fr.jayasoft.ivy.extendable.ExtendableItem,6,1,0,4,6,15,4,0,6,2.0,6,0.0,0,0.0,0.75,0,0,0.0,1,1.0,0,,False
fr.jayasoft.ivy.DefaultDependencyArtifactDescriptor,15,1,0,8,36,35,2,6,15,0.666666667,214,1.0,3,0.0,0.25,1,1,12.86666667,3,1.0667,0,,False
fr.jayasoft.ivy.event.IvyListener,1,1,0,8,1,0,7,1,1,2.0,1,0.0,0,0.0,1.0,0,0,0.0,1,1.0,0,,False
fr.jayasoft.ivy.repository.BasicResource,9,1,0,3,11,26,2,1,9,0.85,60,1.0,0,0.0,0.361111111,0,0,5.111111111,1,0.8889,0,,False
fr.jayasoft.ivy.ModuleId,9,1,0,41,17,6,41,0,9,0.59375,148,0.75,0,0.0,0.407407407,1,1,15.0,4,1.3333,0,,False
fr.jayasoft.ivy.conflict.LatestConflictManager,9,2,0,10,36,14,1,10,8,0.5625,166,1.0,1,0.454545455,0.377777778,0,0,17.22222222,4,1.4444,0,,False
fr.jayasoft.ivy.DefaultModuleDescriptor,56,1,0,33,146,1146,12,23,56,0.853535354,1086,1.0,5,0.0,0.079545455,0,0,18.07142857,6,1.4107,0,,False
fr.jayasoft.ivy.repository.vsftp.VsftpResource,4,2,0,4,13,0,1,0,3,0.333333333,41,1.0,1,0.8125,0.583333333,1,2,9.0,1,0.75,0,,False
fr.jayasoft.ivy.util.MessageImpl,4,1,0,9,4,6,9,0,4,2.0,4,0.0,0,0.0,0.75,0,0,0.0,1,1.0,0,,False
fr.jayasoft.ivy.Main,8,1,0,29,103,28,0,29,2,2.0,1168,0.0,0,0.0,0.285714286,0,0,145.0,3,1.25,0,,False
fr.jayasoft.ivy.extendable.UnmodifiableExtendableItem,10,1,3,4,16,25,3,1,7,0.722222222,130,1.0,0,0.0,0.45,0,0,11.4,2,1.0,0,,False
fr.jayasoft.ivy.DependencyArtifactDescriptor,8,1,0,10,8,28,8,3,8,2.0,8,0.0,0,0.0,1.0,0,0,0.0,1,1.0,0,,False
fr.jayasoft.ivy.ant.IvyConvertPom,6,4,0,7,22,0,0,7,6,0.4,141,1.0,0,0.924242424,0.666666667,1,1,22.16666667,1,0.8333,0,,False
fr.jayasoft.ivy.matcher.Matcher,2,1,0,22,2,1,22,0,2,2.0,2,0.0,0,0.0,0.75,0,0,0.0,1,1.0,0,,False
fr.jayasoft.ivy.filter.ArtifactTypeFilter,2,1,0,3,6,0,1,2,2,0.0,26,1.0,0,0.0,0.666666667,0,0,11.5,2,1.0,0,,False
fr.jayasoft.ivy.status.Status,6,1,0,1,7,3,1,0,6,0.6,34,1.0,0,0.0,0.555555556,0,0,4.333333333,1,0.6667,0,,False
fr.jayasoft.ivy.ArtifactId,8,1,0,12,17,20,11,1,8,0.5,121,1.0,1,0.0,0.34375,1,1,13.625,6,1.5,0,,False
fr.jayasoft.ivy.repository.Resource,7,1,0,38,7,21,38,0,7,2.0,7,0.0,0,0.0,0.571428571,0,0,0.0,1,1.0,0,,False
fr.jayasoft.ivy.ModuleDescriptorSorter,6,1,0,10,47,7,1,9,4,0.466666667,258,1.0,0,0.0,0.416666667,0,0,41.5,5,2.1667,0,,False
fr.jayasoft.ivy.repository.ssh.SshRepository,20,3,0,12,79,144,2,11,14,0.885964912,785,1.0,0,0.660714286,0.227777778,2,3,37.95,3,1.1,0,,False
fr.jayasoft.ivy.repository.vsftp.VsftpRepository,54,2,0,15,138,1241,7,0,16,0.877358491,1573,1.0,1,0.267605634,0.205450734,1,1,27.7962963,5,1.2037,0,,False
fr.jayasoft.ivy.conflict.RegexpConflictManager,8,2,0,5,32,20,0,5,4,0.5,222,1.0,0,0.416666667,0.4,0,0,26.5,5,2.0,0,,False
fr.jayasoft.ivy.report.ArtifactDownloadReport,11,1,0,15,15,29,12,3,11,0.825,57,1.0,3,0.0,0.272727273,0,0,3.818181818,1,0.9091,0,,False
fr.jayasoft.ivy.ResolvedURL,5,1,0,2,17,0,0,2,5,0.583333333,103,0.333333333,0,0.0,0.466666667,0,0,19.0,5,1.6,0,,False
fr.jayasoft.ivy.extendable.ExtendableItemHelper,4,1,0,3,21,6,2,1,4,2.0,97,0.0,0,0.0,0.4,0,0,23.25,3,2.0,0,,False
fr.jayasoft.ivy.conflict.FixedConflictManager,3,2,0,4,19,0,1,3,3,0.0,57,1.0,0,0.714285714,0.5,0,0,17.66666667,2,1.0,0,,False
fr.jayasoft.ivy.repository.ssh.Scp,16,1,0,7,70,118,2,6,8,0.666666667,1102,0.0,0,0.0,0.3203125,0,0,67.8125,1,0.9375,0,,False
fr.jayasoft.ivy.ant.IvyBuildList,21,4,0,15,86,138,0,15,17,0.85625,570,1.0,0,0.75308642,0.176190476,2,3,25.76190476,4,1.1905,0,,False
fr.jayasoft.ivy.resolver.FileURLLister,5,1,0,2,22,8,1,0,5,0.5,97,1.0,0,0.0,0.4,0,0,18.2,1,0.6,0,,False
fr.jayasoft.ivy.matcher.NoMatcher,5,1,0,2,6,8,1,1,3,0.75,20,1.0,1,0.0,0.5,0,0,2.8,1,0.6,0,,False
fr.jayasoft.ivy.event.download.StartArtifactDownloadEvent,3,3,0,6,9,0,1,5,3,0.833333333,41,0.666666667,2,0.875,0.466666667,0,0,11.66666667,1,0.6667,0,,False
fr.jayasoft.ivy.repository.vfs.IvyWebdavFileProvider,2,6,0,9,9,1,0,9,1,2.0,27,0.0,0,0.961538462,0.666666667,1,1,12.5,1,0.5,0,,False
fr.jayasoft.ivy.resolver.HasLatestStrategy,3,1,0,3,3,3,2,0,3,2.0,3,0.0,0,0.0,0.666666667,0,0,0.0,1,1.0,0,,False
fr.jayasoft.ivy.DependencyResolver,13,1,0,28,13,78,24,9,13,2.0,13,0.0,0,0.0,0.185897436,0,0,0.0,1,1.0,0,,False
fr.jayasoft.ivy.ant.IvyDeliver,27,4,0,14,69,273,2,13,22,0.909090909,436,1.0,0,0.701149425,0.296296296,1,2,14.74074074,1,0.963,0,,False
fr.jayasoft.ivy.resolver.FileSystemResolver,5,5,1,4,11,10,1,0,4,2.0,28,0.0,0,0.968503937,0.6,1,1,4.6,1,0.8,0,,False
fr.jayasoft.ivy.resolver.ModuleEntry,5,1,0,9,8,0,8,2,5,0.5,30,1.0,1,0.0,0.466666667,0,0,4.6,1,0.8,0,,False
fr.jayasoft.ivy.resolver.URLResolver,2,5,2,5,5,1,2,0,2,2.0,12,0.0,0,0.991935484,1.0,1,1,5.0,1,0.5,0,,False
fr.jayasoft.ivy.resolver.BasicResolver,46,2,1,47,229,957,4,0,24,0.935555556,2754,0.9,1,0.469879518,0.119298246,2,4,58.65217391,10,1.6739,0,,False
fr.jayasoft.ivy.version.VersionMatcher,5,1,0,13,5,10,12,2,5,2.0,5,0.0,0,0.0,0.666666667,0,0,0.0,1,1.0,0,,False
fr.jayasoft.ivy.latest.AbstractLatestStrategy,7,1,1,5,14,13,1,4,7,0.75,56,1.0,1,0.0,0.314285714,0,0,6.714285714,3,1.1429,0,,False
fr.jayasoft.ivy.matcher.AnyMatcher,5,1,0,5,6,8,4,1,3,0.75,20,1.0,1,0.0,0.5,0,0,2.8,1,0.6,0,,False
fr.jayasoft.ivy.ant.IvyTask,26,3,19,32,87,303,19,15,4,0.933333333,691,0.666666667,0,0.606557377,0.285,2,2,25.46153846,7,2.1923,1,,False
fr.jayasoft.ivy.circular.CircularDependencyStrategy,2,1,0,9,2,1,8,1,2,2.0,2,0.0,0,0.0,0.75,0,0,0.0,1,1.0,0,,False
fr.jayasoft.ivy.event.resolve.ResolveEvent,2,2,2,5,5,0,2,3,1,0.5,24,1.0,1,0.923076923,0.6,0,0,10.0,1,0.5,0,,False
fr.jayasoft.ivy.filter.FilterHelper,4,1,0,9,18,4,6,3,3,0.666666667,77,0.0,1,0.0,0.333333333,0,0,18.0,4,1.75,0,,False
fr.jayasoft.ivy.util.CopyProgressListener,3,1,0,15,3,3,14,1,3,2.0,3,0.0,0,0.0,1.0,0,0,0.0,1,1.0,0,,False
fr.jayasoft.ivy.latest.LatestRevisionStrategy,6,3,0,4,18,5,2,3,5,0.65,98,0.75,0,0.714285714,0.466666667,0,0,14.66666667,3,1.0,0,,False
fr.jayasoft.ivy.resolver.MDResolvedResource,2,2,0,8,3,0,5,0,2,0.0,14,1.0,1,0.8,0.625,0,0,5.5,1,0.5,0,,False
fr.jayasoft.ivy.resolver.ApacheHttpURLLister,4,1,0,2,8,4,0,0,4,0.666666667,24,1.0,1,0.0,0.5,0,0,4.75,1,0.75,0,,False
fr.jayasoft.ivy.url.URLHandlerRegistry,5,1,0,12,10,4,8,0,4,0.5,35,1.0,1,0.0,0.25,0,0,5.8,1,0.6,0,,False
fr.jayasoft.ivy.ArtifactOrigin,3,1,0,11,4,0,11,0,3,0.5,20,1.0,0,0.0,0.555555556,0,0,5.0,1,0.6667,0,,False
fr.jayasoft.ivy.conflict.StrictConflictManager,2,2,0,5,16,1,1,4,2,2.0,60,0.0,0,0.833333333,0.666666667,0,0,29.0,4,2.0,0,,False
fr.jayasoft.ivy.namespace.MRIDTransformationRule,5,1,0,9,20,2,3,6,5,0.625,89,1.0,1,0.0,0.533333333,0,0,16.4,2,1.2,0,,False
fr.jayasoft.ivy.namespace.MRIDRule,11,1,0,2,15,17,2,0,11,0.725,95,1.0,0,0.0,0.727272727,0,0,7.272727273,2,0.9091,0,,False
fr.jayasoft.ivy.ant.IvyConfigure,19,4,0,12,57,125,3,12,15,0.833333333,326,1.0,0,0.772151899,0.342105263,1,1,15.84210526,3,1.0526,0,,False
fr.jayasoft.ivy.xml.XmlIvyConfigurationParser,7,2,0,13,94,0,1,0,5,0.729166667,1203,1.0,2,0.739130435,0.357142857,1,2,169.7142857,1,0.8571,1,,False
fr.jayasoft.ivy.filter.AndFilter,4,1,0,2,6,0,1,1,4,0.333333333,35,1.0,2,0.0,0.5,0,0,7.25,3,1.25,0,,False
fr.jayasoft.ivy.version.ExactVersionMatcher,3,2,0,3,6,3,1,0,3,2.0,15,0.0,0,0.777777778,0.833333333,2,2,4.0,1,0.6667,0,,False
fr.jayasoft.ivy.repository.RepositoryCopyProgressListener,6,1,0,6,13,0,3,3,6,0.4,55,1.0,1,0.0,0.458333333,0,0,7.833333333,2,1.0,0,,False
fr.jayasoft.ivy.event.download.PrepareDownloadEvent,2,2,0,3,3,0,1,3,2,1.0,15,0.5,1,0.923076923,0.666666667,0,0,5.5,1,0.5,0,,False
fr.jayasoft.ivy.LatestStrategy,3,1,0,11,3,3,10,1,3,2.0,3,0.0,0,0.0,0.666666667,0,0,0.0,1,1.0,0,,False
fr.jayasoft.ivy.DefaultDependencyDescriptor,45,1,0,19,113,634,9,11,37,0.844155844,1006,1.0,5,0.0,0.141608392,0,0,21.04444444,9,1.5778,0,,False
fr.jayasoft.ivy.event.resolve.EndResolveEvent,2,3,0,4,3,0,1,4,2,1.0,17,0.5,1,0.928571429,0.6,0,0,6.5,1,0.5,0,,False
fr.jayasoft.ivy.util.CopyProgressEvent,7,1,0,3,8,15,3,0,6,0.5,51,1.0,0,0.0,0.535714286,0,0,5.857142857,1,0.5714,0,,False
fr.jayasoft.ivy.util.Credentials,10,1,0,6,17,31,6,0,10,0.611111111,107,1.0,0,0.0,0.4,1,1,9.3,3,1.3,0,,False
fr.jayasoft.ivy.ResolvedModuleRevision,8,1,0,26,8,28,24,3,8,2.0,8,0.0,0,0.0,1.0,0,0,0.0,1,1.0,0,,False
fr.jayasoft.ivy.ConflictManager,2,1,0,10,2,1,10,1,2,2.0,2,0.0,0,0.0,0.666666667,0,0,0.0,1,1.0,0,,False
fr.jayasoft.ivy.xml.XmlModuleDescriptorWriter,3,1,0,16,65,3,5,0,2,2.0,877,0.0,0,0.0,0.416666667,0,0,291.3333333,4,1.6667,1,,False
fr.jayasoft.ivy.AbstractArtifact,10,1,2,5,41,45,2,3,10,2.0,173,0.0,0,0.0,0.466666667,1,1,16.3,9,1.8,0,,False
fr.jayasoft.ivy.DefaultArtifact,16,2,0,16,32,86,12,4,16,0.511111111,187,0.0,1,0.409090909,0.294642857,1,8,10.5,1,0.8125,0,,False
fr.jayasoft.ivy.resolver.URLLister,2,1,0,4,2,1,4,0,2,2.0,2,0.0,0,0.0,0.666666667,0,0,0.0,1,1.0,0,,False
fr.jayasoft.ivy.ant.IvyCachePath,5,6,0,8,28,2,0,8,5,0.625,101,1.0,0,0.956043956,0.7,1,1,18.8,1,0.8,0,,False
fr.jayasoft.ivy.filter.NoFilter,3,1,0,3,4,3,2,1,1,1.0,14,0.0,1,0.0,0.75,0,0,3.333333333,1,0.3333,0,,False
fr.jayasoft.ivy.ant.IvyPublish,43,4,0,14,103,739,1,14,41,0.94047619,642,1.0,0,0.59223301,0.372093023,3,5,13.46511628,1,0.9767,0,,False
fr.jayasoft.ivy.url.BasicURLHandler,5,2,0,8,40,10,2,0,5,2.0,338,0.0,0,0.6,0.48,1,3,66.6,14,3.4,0,,False
fr.jayasoft.ivy.url.URLHandlerDispatcher,15,1,0,6,31,89,2,0,15,0.107142857,133,1.0,1,0.0,0.333333333,0,0,7.733333333,2,1.0,0,,False
fr.jayasoft.ivy.ant.IvyArtifactReport,21,4,0,12,102,160,0,12,13,0.85,782,1.0,0,0.75308642,0.178571429,3,6,36.0,7,1.5238,0,,False
fr.jayasoft.ivy.repository.LazyResource,14,1,1,2,19,79,1,1,7,0.807692308,97,1.0,0,0.0,0.285714286,0,0,5.5,2,1.0,0,,False
fr.jayasoft.ivy.url.IvyAuthenticator,3,2,0,4,18,3,1,0,0,1.0,53,0.0,1,0.933333333,1.0,1,1,16.33333333,2,0.6667,0,,False
fr.jayasoft.ivy.util.XMLHelper,7,1,0,7,23,15,5,0,5,0.888888889,148,0.5,0,0.0,0.4,0,0,19.28571429,1,0.7143,0,,False
fr.jayasoft.ivy.version.VersionRangeMatcher,12,2,0,7,31,10,3,0,9,1.01010101,303,1.0,1,0.5,0.393939394,1,1,22.0,6,1.6667,0,,False
fr.jayasoft.ivy.latest.LatestLexicographicStrategy,2,3,0,3,5,0,1,2,1,0.0,15,1.0,0,1.0,1.0,0,0,6.0,0,0.0,0,,False
fr.jayasoft.ivy.version.Match,12,1,0,8,30,54,1,0,10,0.840909091,169,1.0,0,0.0,0.5,0,0,12.75,3,1.4167,0,,False
fr.jayasoft.ivy.repository.Repository,10,1,0,14,10,45,11,3,10,2.0,10,0.0,0,0.0,0.366666667,0,0,0.0,1,1.0,0,,False
fr.jayasoft.ivy.resolver.IBiblioResolver,24,6,0,14,57,222,0,0,19,0.695652174,349,0.6,0,0.843537415,0.139880952,5,10,13.33333333,8,1.8333,0,,False
fr.jayasoft.ivy.ant.AddPathTask,13,3,0,8,32,4,0,8,13,0.666666667,134,1.0,0,0.755102041,0.192307692,2,2,9.076923077,1,0.9231,0,,False
fr.jayasoft.ivy.IvyNode,103,1,0,47,260,4423,21,33,71,0.903313049,3559,1.0,6,0.0,0.098039216,1,1,33.27184466,26,2.5631,0,,False
